blue,25.150444565052304,-45.28617887045506,0,0.01,0.01,0
blue,22.293072658922846,-44.47630406246496,0,0.01,0.01,0
blue,19.65210033086603,-43.12204798735354,0,0.01,0.01,0
blue,17.422948940870697,-41.167522726857584,0,0.01,0.01,0
blue,15.740213969777955,-38.72153210551659,0,0.01,0.01,0
blue,14.422136928140796,-36.056719971528764,0,0.01,0.01,0
blue,13.186441037906953,-33.35179941599935,0,0.01,0.01,0
blue,11.630553516809849,-30.82660499661567,0,0.01,0.01,0
blue,9.155144821883045,-29.253984300959644,0,0.01,0.01,0
blue,6.231959994222805,-28.742506502496838,0,0.01,0.01,0
blue,3.260905706096144,-28.623075313599273,0,0.01,0.01,0
blue,0.2877387428076026,-28.55738516505788,0,0.01,0.01,0
blue,-2.676807231869681,-28.33305174102975,0,0.01,0.01,0
blue,-5.592153089372886,-27.760365191153923,0,0.01,0.01,0
blue,-8.351856702960145,-26.667139945284504,0,0.01,0.01,0
blue,-10.824623608620817,-25.023429053419903,0,0.01,0.01,0
blue,-12.968665955723445,-22.967205028493538,0,0.01,0.01,0
blue,-14.784231021917037,-20.614802570050614,0,0.01,0.01,0
blue,-16.27624632805445,-18.044530453783125,0,0.01,0.01,0
blue,-17.435834119421575,-15.308135763494164,0,0.01,0.01,0
blue,-18.224904500559056,-12.443348702949521,0,0.01,0.01,0
blue,-18.55508762454486,-9.49182575315129,0,0.01,0.01,0
blue,-18.247789499361918,-6.542276845378183,0,0.01,0.01,0
blue,-17.042523281235965,-3.8412199538533685,0,0.01,0.01,0
blue,-14.963585056152738,-1.7351472819916296,0,0.01,0.01,0
blue,-12.355065204034865,-0.32250364301989976,0,0.01,0.01,0
blue,-9.515653256422162,0.5516601199438469,0,0.01,0.01,0
blue,-6.588033109711427,1.067756907802476,0,0.01,0.01,0
blue,-3.628133210239808,1.3514835122229272,0,0.01,0.01,0
blue,-0.6573896194111004,1.4852866002858036,0,0.01,0.01,0
blue,2.316243701665931,1.523873432925825,0,0.01,0.01,0
blue,5.29014056053581,1.5081228611864503,0,0.01,0.01,0
blue,8.26386996348132,1.4713183690141989,0,0.01,0.01,0
blue,11.237697271289402,1.4444901446463234,0,0.01,0.01,0
blue,14.211555741365268,1.4608754959502335,0,0.01,0.01,0
blue,17.183662059839563,1.560977443879608,0,0.01,0.01,0
blue,20.148892333715402,1.7854483492551765,0,0.01,0.01,0
blue,23.101254688301957,2.1411983364843934,0,0.01,0.01,0
blue,26.03589227372376,2.6219005138796376,0,0.01,0.01,0
blue,28.950148900209296,3.2140269365116296,0,0.01,0.01,0
blue,31.844782100779327,3.8959356924834765,0,0.01,0.01,0
blue,34.72420899978454,4.639666439924412,0,0.01,0.01,0
blue,37.595909637746566,5.412805341076506,0,0.01,0.01,0
blue,40.468651478776096,6.182052010211095,0,0.01,0.01,0
blue,43.35052223021127,6.916242953581303,0,0.01,0.01,0
blue,46.24432827278954,7.601893812555829,0,0.01,0.01,0
blue,49.1481751965577,8.243724174567745,0,0.01,0.01,0
blue,52.060389948078964,8.846475959501987,0,0.01,0.01,0
blue,54.97968524735781,9.41396371111179,0,0.01,0.01,0
blue,57.90504405519468,9.949331798664474,0,0.01,0.01,0
blue,60.83564745503734,10.455215636475572,0,0.01,0.01,0
blue,63.770842376275354,10.933749763347407,0,0.01,0.01,0
blue,66.70185233533054,11.435927390518316,0,0.01,0.01,0
blue,69.5772173245283,12.18820882092794,0,0.01,0.01,0
blue,72.37508636123873,13.1955088163281,0,0.01,0.01,0
blue,75.16238673587476,14.232284484061154,0,0.01,0.01,0
blue,78.00644290155934,15.09713650902799,0,0.01,0.01,0
blue,80.94669187258492,15.497332247631618,0,0.01,0.01,0
blue,83.84841468441492,14.952407067957921,0,0.01,0.01,0
blue,86.2263982717182,13.202639026841382,0,0.01,0.01,0
blue,88.02915352318803,10.841472930312676,0,0.01,0.01,0
blue,89.67188147638078,8.362520034111355,0,0.01,0.01,0
blue,91.59085431515737,6.099822471311427,0,0.01,0.01,0
blue,94.15706578651522,4.631362201712619,0,0.01,0.01,0
blue,97.03322116886633,3.889453797380071,0,0.01,0.01,0
blue,99.97357034435969,3.445345865444324,0,0.01,0.01,0
blue,102.91158423582388,2.9866881921630863,0,0.01,0.01,0
blue,105.78302821850944,2.2249117413334716,0,0.01,0.01,0
blue,108.41006363750937,0.8526656476719268,0,0.01,0.01,0
blue,110.46116824968145,-1.281223918226317,0,0.01,0.01,0
blue,111.81390493713563,-3.9211119344764143,0,0.01,0.01,0
blue,112.57115162634913,-6.792343005030716,0,0.01,0.01,0
blue,112.8095130106343,-9.753076108758847,0,0.01,0.01,0
blue,112.52905979143418,-12.709508560246405,0,0.01,0.01,0
blue,111.64040424677935,-15.539950952882378,0,0.01,0.01,0
blue,110.03062787259525,-18.028573213834846,0,0.01,0.01,0
blue,107.80962137560654,-19.994373563918657,0,0.01,0.01,0
blue,105.21182534717869,-21.433573546846446,0,0.01,0.01,0
blue,102.42795951344918,-22.474944596215295,0,0.01,0.01,0
blue,99.56031854810483,-23.260939018376206,0,0.01,0.01,0
blue,96.65817445791892,-23.910029712883443,0,0.01,0.01,0
blue,93.74691009271909,-24.51744572190546,0,0.01,0.01,0
blue,90.84540695168359,-25.16937703094038,0,0.01,0.01,0
blue,87.97795007970288,-25.95616599044058,0,0.01,0.01,0
blue,85.18985917695005,-26.986705709690938,0,0.01,0.01,0
blue,82.5741346096648,-28.393985376407954,0,0.01,0.01,0
blue,80.3082130726011,-30.308846884617978,0,0.01,0.01,0
blue,78.46629379444059,-32.642219792991924,0,0.01,0.01,0
blue,76.46220454955302,-34.83014037475422,0,0.01,0.01,0
blue,73.8417528659887,-36.19419958022695,0,0.01,0.01,0
blue,70.90641109180156,-36.614812407768525,0,0.01,0.01,0
blue,67.93779498392296,-36.47153523132114,0,0.01,0.01,0
blue,64.98522104052478,-36.11626936890683,0,0.01,0.01,0
blue,62.026862020940996,-35.81721181372069,0,0.01,0.01,0
blue,59.0554858953684,-35.83918368692056,0,0.01,0.01,0
blue,56.11369137197196,-36.261699952637855,0,0.01,0.01,0
blue,53.23780153016922,-37.01420665073175,0,0.01,0.01,0
blue,50.43648461769505,-38.01081431177822,0,0.01,0.01,0
blue,47.697715073410556,-39.16929202608469,0,0.01,0.01,0
blue,44.99738631594932,-40.415227744153086,0,0.01,0.01,0
blue,42.305958391697075,-41.68038077968404,0,0.01,0.01,0
blue,39.59202457649302,-42.896213707432,0,0.01,0.01,0
blue,36.82613748205044,-43.98782068369319,0,0.01,0.01,0
blue,33.98661351476881,-44.86834937564751,0,0.01,0.01,0
blue,31.06978408344364,-45.43863454289587,0,0.01,0.01,0
blue,28.103109815097955,-45.6002774617031,0,0.01,0.01,0
yellow,25.70395194723499,-42.33876952275968,0,0.01,0.01,0
yellow,22.84834499781248,-41.46065905926244,0,0.01,0.01,0
yellow,20.33265796656843,-39.86159591468058,0,0.01,0.01,0
yellow,18.502209139173118,-37.50748340425464,0,0.01,0.01,0
yellow,17.161008879117553,-34.83246399711237,0,0.01,0.01,0
yellow,15.91828529906188,-32.10888827947029,0,0.01,0.01,0
yellow,14.418639306455384,-29.522247796307326,0,0.01,0.01,0
yellow,12.292205794284667,-27.43875507662767,0,0.01,0.01,0
yellow,9.559723931802562,-26.247763108254276,0,0.01,0.01,0
yellow,6.609367799259619,-25.763332270013336,0,0.01,0.01,0
yellow,3.6191068262159414,-25.629179230614795,0,0.01,0.01,0
yellow,0.625952236212195,-25.567734149670144,0,0.01,0.01,0
yellow,-2.358801026365242,-25.349287361181638,0,0.01,0.01,0
yellow,-5.28082678731324,-24.719302215780118,0,0.01,0.01,0
yellow,-7.962792606126035,-23.410529476123145,0,0.01,0.01,0
yellow,-10.249907252509376,-21.487341739531985,0,0.01,0.01,0
yellow,-12.139362134051192,-19.169561555040872,0,0.01,0.01,0
yellow,-13.650258656050646,-16.58807360470783,0,0.01,0.01,0
yellow,-14.772433724401726,-13.81544799155293,0,0.01,0.01,0
yellow,-15.44224465950337,-10.901547618244336,0,0.01,0.01,0
yellow,-15.464488449824387,-7.917423827818141,0,0.01,0.01,0
yellow,-14.311490651929699,-5.195573594424445,0,0.01,0.01,0
yellow,-11.93439577822173,-3.4144421793843946,0,0.01,0.01,0
yellow,-9.11092038881047,-2.435746186356056,0,0.01,0.01,0
yellow,-6.166545556528215,-1.9025976717737194,0,0.01,0.01,0
yellow,-3.186050292741328,-1.6261998967447369,0,0.01,0.01,0
yellow,-0.19490942586673476,-1.50436199674607,0,0.01,0.01,0
yellow,2.798711313529191,-1.4759871673350347,0,0.01,0.01,0
yellow,5.79244068858381,-1.4976966494957082,0,0.01,0.01,0
yellow,8.786028847192721,-1.5351789140413246,0,0.01,0.01,0
yellow,11.779759332336976,-1.556741403281336,0,0.01,0.01,0
yellow,14.773385751547917,-1.5288003424427643,0,0.01,0.01,0
yellow,17.764707485008714,-1.4109556383332915,0,0.01,0.01,0
yellow,20.748539826242546,-1.1693974009981503,0,0.01,0.01,0
yellow,23.719366432204342,-0.800834624267651,0,0.01,0.01,0
yellow,26.67268592361843,-0.31122319076021654,0,0.01,0.01,0
yellow,29.60606646877131,0.2865912385211402,0,0.01,0.01,0
yellow,32.520156401682115,0.9725515524670243,0,0.01,0.01,0
yellow,35.419087805985484,1.7201992398437085,0,0.01,0.01,0
yellow,38.310063191048336,2.498157563522142,0,0.01,0.01,0
yellow,41.20190306881723,3.272883661267855,0,0.01,0.01,0
yellow,44.10304061652078,4.011907430322651,0,0.01,0.01,0
yellow,47.01644285126246,4.701008607310143,0,0.01,0.01,0
yellow,49.94011393163442,5.345188328734764,0,0.01,0.01,0
yellow,52.872302295458965,5.94944317044326,0,0.01,0.01,0
yellow,55.81166241595511,6.5178070595458735,0,0.01,0.01,0
yellow,58.75714360200692,7.053561580604935,0,0.01,0.01,0
yellow,61.7079130569316,7.559392484716028,0,0.01,0.01,0
yellow,64.66327988049494,8.037645352089811,0,0.01,0.01,0
yellow,67.61076471763106,8.560325648981376,0,0.01,0.01,0
yellow,70.50132661582754,9.33402965814767,0,0.01,0.01,0
yellow,73.31897795524299,10.345025776491752,0,0.01,0.01,0
yellow,76.12430034227692,11.390345072414846,0,0.01,0.01,0
yellow,78.99136740582178,12.245825782142731,0,0.01,0.01,0
yellow,81.96001883791598,12.411072098064693,0,0.01,0.01,0
yellow,84.37915509027492,10.761566964132783,0,0.01,0.01,0
yellow,86.10027745808597,8.313941587003313,0,0.01,0.01,0
yellow,87.79282852928006,5.845349973840371,0,0.01,0.01,0
yellow,89.82868230661805,3.659299601001834,0,0.01,0.01,0
yellow,92.38070337735857,2.1131230363062343,0,0.01,0.01,0
yellow,95.2269415524459,1.1987080839134023,0,0.01,0.01,0
yellow,98.17237969163119,0.6677407726628246,0,0.01,0.01,0
yellow,101.13654461021402,0.24759448287241526,0,0.01,0.01,0
yellow,104.0642435571798,-0.36734754229038913,0,0.01,0.01,0
yellow,106.7490403941471,-1.6522722869131599,0,0.01,0.01,0
yellow,108.57959461131217,-3.9885304603220106,0,0.01,0.01,0
yellow,109.52641897014082,-6.819768500578363,0,0.01,0.01,0
yellow,109.8095725776241,-9.794799201125727,0,0.01,0.01,0
yellow,109.4460519609415,-12.759379519653777,0,0.01,0.01,0
yellow,108.22780098384705,-15.474896225135922,0,0.01,0.01,0
yellow,106.08267450928038,-17.540578743799784,0,0.01,0.01,0
yellow,103.43736591576098,-18.930447309187883,0,0.01,0.01,0
yellow,100.60269533132471,-19.888663896601628,0,0.01,0.01,0
yellow,97.69858850140122,-20.614528559661267,0,0.01,0.01,0
yellow,94.77070003549882,-21.23920650757114,0,0.01,0.01,0
yellow,91.84190764315564,-21.85969599764067,0,0.01,0.01,0
yellow,88.93152723492874,-22.56062566235508,0,0.01,0.01,0
yellow,86.0667174126465,-23.42762636156135,0,0.01,0.01,0
yellow,83.2948706075747,-24.554798706889244,0,0.01,0.01,0
yellow,80.69901148135213,-26.04023613834181,0,0.01,0.01,0
yellow,78.40538045042875,-27.956828376651586,0,0.01,0.01,0
yellow,76.5019819783353,-30.264515346434194,0,0.01,0.01,0
yellow,74.54575106448897,-32.5209519820466,0,0.01,0.01,0
yellow,71.77990226617781,-33.55352527127758,0,0.01,0.01,0
yellow,68.79089467448958,-33.53778758633766,0,0.01,0.01,0
yellow,65.81670813627261,-33.19754953673443,0,0.01,0.01,0
yellow,62.84136336937715,-32.867965407701774,0,0.01,0.01,0
yellow,59.85035971653115,-32.78973421619236,0,0.01,0.01,0
yellow,56.87202815746319,-33.0762120410085,0,0.01,0.01,0
yellow,53.943123241397366,-33.69005959497413,0,0.01,0.01,0
yellow,51.082159466135735,-34.56924867009657,0,0.01,0.01,0
yellow,48.288730596881585,-35.64496393977909,0,0.01,0.01,0
yellow,45.548095000701615,-36.84952160011076,0,0.01,0.01,0
yellow,42.83613199301799,-38.117642787311,0,0.01,0.01,0
yellow,40.122566854377254,-39.38230782386712,0,0.01,0.01,0
yellow,37.37419792641073,-40.568892221802145,0,0.01,0.01,0
yellow,34.55907572727389,-41.58538982142842,0,0.01,0.01,0
yellow,31.656735623560227,-42.311955544994376,0,0.01,0.01,0
yellow,28.68091853340806,-42.60454371250168,0,0.01,0.01,0
big_orange,4.7,2.2,0,0.01,0.01,0
big_orange,4.7,-2.2,0,0.01,0.01,0
big_orange,7.3,2.2,0,0.01,0.01,0
big_orange,7.3,-2.2,0,0.01,0.01,0
