x,y
4.732192000828923995e+00,-3.597834632934393539e-02
4.864173345657043512e+00,-4.082448785027992244e-02
4.995873672039280677e+00,-4.602336747073110246e-02
5.127275248787185546e+00,-5.158614491291757531e-02
5.258360344712322387e+00,-5.752397989908075715e-02
5.389111228626198624e+00,-6.384803215143364241e-02
5.519510169340392736e+00,-7.056946139219633096e-02
5.649539435666397935e+00,-7.769942734361023895e-02
5.779181296415771385e+00,-8.524908972789546624e-02
5.908418020400070247e+00,-9.322960826727921813e-02
6.037231876430794841e+00,-1.016521426839744890e-01
6.165605133319509434e+00,-1.105278527002440114e-01
6.293520059877749873e+00,-1.198678980382794634e-01
6.420958924917073318e+00,-1.296834384203080504e-01
6.547903997248965879e+00,-1.399856335685782938e-01
6.674337545685041562e+00,-1.507856432052960827e-01
6.800241839036765157e+00,-1.620946270526957278e-01
6.925599146115693827e+00,-1.739237448330044344e-01
7.050391735733413157e+00,-1.862841562684351970e-01
7.174601876701402148e+00,-1.991870210812436426e-01
7.298211837831232174e+00,-2.126434989936427655e-01
7.421203887934446186e+00,-2.266647497278384549e-01
7.543560295822537398e+00,-2.412619330060792322e-01
7.665263330307112710e+00,-2.564462085505780919e-01
7.786295260199651125e+00,-2.722287360835764503e-01
7.906638354311731121e+00,-2.886206753272944070e-01
8.026274881454874333e+00,-3.056331860039520620e-01
8.145187110440609501e+00,-3.232774278357908315e-01
8.263357310080493789e+00,-3.415645605450094990e-01
8.380767749186070148e+00,-3.605057438538494807e-01
8.497400696568860212e+00,-3.801121374845592982e-01
8.613238421040414039e+00,-4.003949011593306295e-01
8.728263191412246158e+00,-4.213651946003977855e-01
8.842457276495920837e+00,-4.430341775299950768e-01
8.955802945102966817e+00,-4.654130096703568142e-01
9.068282466044955470e+00,-4.885128507436817813e-01
9.179878108133358694e+00,-5.123448604722327104e-01
9.290572140179769178e+00,-5.369201985781870690e-01
9.400346830995701453e+00,-5.622500247838360110e-01
9.509184449392691363e+00,-5.883454988113427930e-01
9.617067264182317388e+00,-6.152177803829701475e-01
9.723977544176072740e+00,-6.428780292209381741e-01
9.829897558185493267e+00,-6.713374050474669730e-01
9.934809575022157446e+00,-7.006070675847908547e-01
1.003869586349756560e+01,-7.306981765551299191e-01
1.014153869242330330e+01,-7.616218916806971606e-01
1.024332033061084246e+01,-7.933893726837482063e-01
1.034402304687176155e+01,-8.260117792865031561e-01
1.044362911001761773e+01,-8.595002712111536880e-01
1.054212078885990422e+01,-8.938660081799625345e-01
1.063948035221022081e+01,-9.291201499151497956e-01
1.073569006888002519e+01,-9.652738561389497818e-01
1.083073220768091005e+01,-1.002338286573554171e+00
1.092458903742441123e+01,-1.040324600941211486e+00
1.101724282692204326e+01,-1.079243958964156036e+00
1.110867584498539884e+01,-1.119107520364600816e+00
1.119887036042594985e+01,-1.159926444864787243e+00
1.128780864205526058e+01,-1.201711892186921204e+00
1.137547295868487396e+01,-1.244475022053244118e+00
1.146184557912632584e+01,-1.288226994185968977e+00
1.154690877219118050e+01,-1.332978968307330092e+00
1.163064480669091694e+01,-1.378742104139561775e+00
1.171303595143713494e+01,-1.425527561404884125e+00
1.179406447524134904e+01,-1.473346499825510136e+00
1.187371264691507378e+01,-1.522210079123681226e+00
1.195196273526988762e+01,-1.572129459021624598e+00
1.202879700911729799e+01,-1.623115799241567458e+00
1.210419773726886916e+01,-1.675180259505715696e+00
1.217814718853611566e+01,-1.728333999536310728e+00
1.225062763173059466e+01,-1.782588179055586863e+00
1.232162133566384199e+01,-1.837953957785757098e+00
1.239111056914740061e+01,-1.894442495449055741e+00
1.245907760099277795e+01,-1.952064951767709999e+00
1.252550470001154537e+01,-2.010832486463925761e+00
1.259037413501522451e+01,-2.070756259259965759e+00
1.265366817481538675e+01,-2.131847429878028777e+00
1.271536908822352530e+01,-2.194117158040331361e+00
1.277545914405120442e+01,-2.257576603469136245e+00
1.283392061110994575e+01,-2.322236925886645764e+00
1.289073575821132778e+01,-2.388109285015072913e+00
1.294588685416683660e+01,-2.455204840576691083e+00
1.299935616778805070e+01,-2.523534752293674188e+00
1.305112596788647039e+01,-2.593110179888281408e+00
1.310117852327368837e+01,-2.663942283082715079e+00
1.314949610276117653e+01,-2.736042221599248592e+00
1.319606097516052756e+01,-2.809421155160041650e+00
1.324085540928326310e+01,-2.884090243487353433e+00
1.328386167394089767e+01,-2.960060646303425358e+00
1.332506203794500976e+01,-3.037343523330459760e+00
1.336443877010712100e+01,-3.115950034290705162e+00
1.340197413923878145e+01,-3.195891338906353241e+00
1.343765041415151273e+01,-3.277178596899663177e+00
1.347144986365683650e+01,-3.359822967992844411e+00
1.350335475656632411e+01,-3.443835611908134808e+00
1.353334736169151853e+01,-3.529227688367750915e+00
1.356141304601887754e+01,-3.616005501051180460e+00
1.358755749774009303e+01,-3.704143502421441525e+00
1.361179459438303496e+01,-3.793603309072999252e+00
1.363413823604739861e+01,-3.884346502221454500e+00
1.365460232283285791e+01,-3.976334663082411680e+00
1.367320075483917918e+01,-4.069529372871418360e+00
1.368994743216602217e+01,-4.163892212804114479e+00
1.370485625491315318e+01,-4.259384764096054710e+00
1.371794112318021774e+01,-4.355968607962843464e+00
1.372921593706698218e+01,-4.453605325620081601e+00
1.373869459667312043e+01,-4.552256498283330899e+00
1.374639100209834197e+01,-4.651883707168206428e+00
1.375231905344238470e+01,-4.752448533490294835e+00
1.375649265080492967e+01,-4.853912558465193428e+00
1.375892569428569345e+01,-4.956237363308488852e+00
1.375963208398441395e+01,-5.059384529235753547e+00
1.375862572000075090e+01,-5.163315637462602581e+00
1.375592050243444930e+01,-5.267992269204619049e+00
1.375153033138521863e+01,-5.373376005677382494e+00
1.374546910695276836e+01,-5.479428428096497328e+00
1.373775072923678664e+01,-5.586111117677564408e+00
1.372838909833700427e+01,-5.693385655636138409e+00
1.371739811435312362e+01,-5.801213623187848611e+00
1.370479167738484705e+01,-5.909556601548260346e+00
1.369058368753190535e+01,-6.018376171932981578e+00
1.367478804489398669e+01,-6.127633915557598954e+00
1.365741864957080054e+01,-6.237291413637695570e+00
1.363848940166209189e+01,-6.347310247388850968e+00
1.361801420126751339e+01,-6.457651998026701534e+00
1.359600694848683133e+01,-6.568278246766794837e+00
1.357248154341970547e+01,-6.679150574824738840e+00
1.354745188616588791e+01,-6.790230563416113085e+00
1.352093187682506681e+01,-6.901479793756518433e+00
1.349293541549694453e+01,-7.012859847061552188e+00
1.346347640228123765e+01,-7.124332304546797445e+00
1.343256873727769829e+01,-7.235858747427830195e+00
1.340022632058597196e+01,-7.347400756920269060e+00
1.336646305230578236e+01,-7.458919914239686477e+00
1.333129283253688158e+01,-7.570377800601672647e+00
1.329472956137891515e+01,-7.681735997221849743e+00
1.325678713893164229e+01,-7.792956085315765336e+00
1.321747946529475826e+01,-7.903999646099020282e+00
1.317682044056797963e+01,-8.014828260787215441e+00
1.313482396485101589e+01,-8.125403510595948120e+00
1.309150393824354808e+01,-8.235686976740804965e+00
1.304687426084531410e+01,-8.345640240437361967e+00
1.300094883275603053e+01,-8.455224882901223538e+00
1.295374155407537131e+01,-8.564402485347969218e+00
1.290526632490307435e+01,-8.673134628993224737e+00
1.285553704533886332e+01,-8.781382895052523452e+00
1.280456761548240507e+01,-8.889108864741505300e+00
1.275237193543345882e+01,-8.996274119275735615e+00
1.269896390529168428e+01,-9.102840239870822359e+00
1.264435742515682648e+01,-9.208768807742337970e+00
1.258856639512856646e+01,-9.314021404105893964e+00
1.253160471530667053e+01,-9.418559610177052122e+00
1.247348628579078422e+01,-9.522345007171423958e+00
1.241422500668063833e+01,-9.625339176304603228e+00
1.235383477807594943e+01,-9.727503698792183684e+00
1.229232950007642700e+01,-9.828800155849741316e+00
1.222972307278178761e+01,-9.929190128692862771e+00
1.216602939629173363e+01,-1.002863519853714891e+01
1.210126237070595323e+01,-1.012709694659820414e+01
1.203543589612419140e+01,-1.022453695409160446e+01
1.196856387264614341e+01,-1.032091680223292940e+01
1.190066020037152583e+01,-1.041619807223778693e+01
1.183173877940002683e+01,-1.051034234532177081e+01
1.176181350983137719e+01,-1.060331120270046412e+01
1.169089829176526507e+01,-1.069506622558947129e+01
1.161900702530144258e+01,-1.078556899520434698e+01
1.154615361053956235e+01,-1.087478109276071692e+01
1.147235194757939070e+01,-1.096266409947415710e+01
1.139761593652060157e+01,-1.104917959656025772e+01
1.132195947746290443e+01,-1.113428916523461965e+01
1.124539647050603719e+01,-1.121795438671282952e+01
1.116794081574965958e+01,-1.130013684221048109e+01
1.108960640510692741e+01,-1.138079821328843977e+01
1.101040595355599550e+01,-1.145991460746460788e+01
1.093034978249856692e+01,-1.153749147086486104e+01
1.084944792266344393e+01,-1.161353781245906447e+01
1.076771040477941455e+01,-1.168806264121711891e+01
1.068514725957521705e+01,-1.176107496610891445e+01
1.060176851777966789e+01,-1.183258379610432343e+01
1.051758421012151246e+01,-1.190259814017326079e+01
1.043260436732953167e+01,-1.197112700728558110e+01
1.034683902013251355e+01,-1.203817940641117801e+01
1.026029819925921061e+01,-1.210376434651996291e+01
1.017299193543843217e+01,-1.216789083658179393e+01
1.008493025939890941e+01,-1.223056788556658603e+01
9.996123201869458796e+00,-1.229180450244419376e+01
9.906580793578811495e+00,-1.235160969618453564e+01
9.816313065255791059e+00,-1.240999247575746978e+01
9.725330047629128671e+00,-1.246696185013290048e+01
9.633641771427626566e+00,-1.252252682828071428e+01
9.541258267380058555e+00,-1.257669641917079417e+01
9.448189566215205559e+00,-1.262947963177302313e+01
9.354445698661798758e+00,-1.268088547505729835e+01
9.260036695448690125e+00,-1.273092295799348861e+01
9.164972587304575313e+00,-1.277960108955150886e+01
9.069263404958284980e+00,-1.282692887870122078e+01
8.972919179138571621e+00,-1.287291533441252511e+01
8.875949940574216157e+00,-1.291756946565530839e+01
8.778365719993978189e+00,-1.296090028139944650e+01
8.680176548126638636e+00,-1.300291679061483663e+01
8.581392455700999733e+00,-1.304362800227135821e+01
8.482023473445806871e+00,-1.308304292533891200e+01
8.382079632089848076e+00,-1.312117056878736321e+01
8.281570962361897159e+00,-1.315801994158661614e+01
8.180507494990713724e+00,-1.319360005270655734e+01
8.078899260705107110e+00,-1.322791991111706977e+01
7.976756290233815605e+00,-1.326098852578803644e+01
7.874088614305634337e+00,-1.329281490568935098e+01
7.770906263649337120e+00,-1.332340805979089282e+01
7.667219268993676451e+00,-1.335277699706255916e+01
7.563037661067468775e+00,-1.338093072647422233e+01
7.458371470599459485e+00,-1.340787825699578306e+01
7.353230728318450815e+00,-1.343362859759711725e+01
7.247625464953159735e+00,-1.345819075724812208e+01
7.141565711232431113e+00,-1.348157374491868055e+01
7.035061497885003234e+00,-1.350378656957868273e+01
6.928122855639664124e+00,-1.352483824019800451e+01
6.820759815225180489e+00,-1.354473776574654309e+01
6.712982407370319038e+00,-1.356349415519418500e+01
6.604800662803853584e+00,-1.358111641751081322e+01
6.496224612254607678e+00,-1.359761356166631074e+01
6.387264286451291184e+00,-1.361299459663057831e+01
6.277929716122720549e+00,-1.362726853137348471e+01
6.168230931997662481e+00,-1.364044437486493067e+01
6.058177964804869475e+00,-1.365253113607480628e+01
5.947780845273136663e+00,-1.366353782397298389e+01
5.837049604131259173e+00,-1.367347344752936067e+01
5.725994272107968186e+00,-1.368234701571381251e+01
5.614624879932073043e+00,-1.369016753749625082e+01
5.502951458332333345e+00,-1.369694402184653370e+01
5.390984038037530013e+00,-1.370268547773456547e+01
5.278732649776429753e+00,-1.370740091413022199e+01
5.166207324277820589e+00,-1.371109934000340402e+01
5.053418092270455020e+00,-1.371378976432398744e+01
4.940374984483135279e+00,-1.371548119606186233e+01
4.827088031644635180e+00,-1.371618264418691879e+01
4.713567264483714325e+00,-1.371590311766903980e+01
4.599822713729153634e+00,-1.371465162547810834e+01
4.485864410109712708e+00,-1.371243717658402517e+01
4.371702384354200888e+00,-1.370926877995666615e+01
4.257346667191363565e+00,-1.370515544456591073e+01
4.142807289350002975e+00,-1.370010617938167030e+01
4.028094281558864509e+00,-1.369412999337381009e+01
3.913217674546721980e+00,-1.368723589551222020e+01
3.798187499042377624e+00,-1.367943289476679425e+01
3.683013785774605253e+00,-1.367073000010742234e+01
3.567706565472164471e+00,-1.366113622050398035e+01
3.452275868863836195e+00,-1.365066056492636193e+01
3.336731726678387133e+00,-1.363931204234445005e+01
3.221084169644605311e+00,-1.362709966172813125e+01
3.105343228491257435e+00,-1.361403243204729918e+01
2.989518933947124424e+00,-1.360011936227184037e+01
2.873621316740972986e+00,-1.358536946137163781e+01
2.757660407601569830e+00,-1.356979173831657448e+01
2.641646237257724295e+00,-1.355339520207654047e+01
2.525588836438188878e+00,-1.353618886162142942e+01
2.409498235871744498e+00,-1.351818172592111722e+01
2.293384466287164969e+00,-1.349938280394550105e+01
2.177257558413195682e+00,-1.347980110466446035e+01
2.061127542978653082e+00,-1.345944563704788877e+01
1.945004450712310984e+00,-1.343832541006566572e+01
1.828898312342921884e+00,-1.341644943268767420e+01
1.712819158599280911e+00,-1.339382671388381851e+01
1.596777020210147668e+00,-1.337046626262397098e+01
1.480781927904295969e+00,-1.334637708787803234e+01
1.364843912410506732e+00,-1.332156819861588204e+01
1.248973004457553770e+00,-1.329604860380739240e+01
1.133179234774232214e+00,-1.326982731242246771e+01
1.017472634089287453e+00,-1.324291333343098742e+01
9.018632331315004080e-01,-1.321531567580284872e+01
7.863610626296733130e-01,-1.318704334850792748e+01
6.709761533125515598e-01,-1.315810536051612090e+01
5.557185359089018561e-01,-1.312851072079729775e+01
4.405982411475193317e-01,-1.309826843832136944e+01
3.256252997571991159e-01,-1.306738752205820475e+01
2.108097424666866004e-01,-1.303587698097770087e+01
9.616160000476270397e-02,-1.300374582404973012e+01
-1.830909689980586563e-02,-1.297100306024418970e+01
-1.325923175182239788e-01,-1.293765769853097680e+01
-2.466780311217320332e-01,-1.290371874787996731e+01
-3.605562069815562154e-01,-1.286919521726104776e+01
-4.742168143688871851e-01,-1.283409611564409047e+01
-5.876502216793468847e-01,-1.279843957268910160e+01
-7.008484402759407317e-01,-1.276228126274151720e+01
-8.138039042173801363e-01,-1.272568651948157026e+01
-9.265090475626678312e-01,-1.268872067659762237e+01
-1.038956304370827866e+00,-1.265144906777808487e+01
-1.151138108700912710e+00,-1.261393702671135841e+01
-1.263046894611910886e+00,-1.257624988708584368e+01
-1.374675096162853549e+00,-1.253845298258995200e+01
-1.486015147412786064e+00,-1.250061164691208049e+01
-1.597059482420718268e+00,-1.246279121374061916e+01
-1.707800535245695528e+00,-1.242505701676397933e+01
-1.818230739946727681e+00,-1.238747438967056169e+01
-1.928342530582824565e+00,-1.235010866614875980e+01
-2.038128341213031547e+00,-1.231302517988698852e+01
-2.147580605896358463e+00,-1.227628926457364145e+01
-2.256691758691879102e+00,-1.223996625389710857e+01
-2.365454233658553562e+00,-1.220412148154580478e+01
-2.473860464855441421e+00,-1.216882028120813430e+01
-2.581902886341552517e+00,-1.213412798657248715e+01
-2.689573932175925108e+00,-1.210010993132726753e+01
-2.796866036417583246e+00,-1.206683144916087613e+01
-2.903771633125536766e+00,-1.203435787376172073e+01
-3.010283156358823931e+00,-1.200275453881818777e+01
-3.116393040176482998e+00,-1.197208677801869925e+01
-3.222093718637509596e+00,-1.194241992505164163e+01
-3.327377625800941985e+00,-1.191381931360540491e+01
-3.432237195725832635e+00,-1.188635027736842176e+01
-3.536664862471155857e+00,-1.186007815002906440e+01
-3.640653060095964122e+00,-1.183506826527575129e+01
-3.744194222659288585e+00,-1.181138595679688308e+01
-3.847280784220153294e+00,-1.178909655828084269e+01
-3.949905178837568087e+00,-1.176826540341604854e+01
-4.052059840570571225e+00,-1.174895782589090132e+01
-4.153737203478172546e+00,-1.173123915939379103e+01
-4.254929701619417415e+00,-1.171517473761312544e+01
-4.355629769053322775e+00,-1.170082989423730524e+01
-4.455829839838905571e+00,-1.168826996295473464e+01
-4.555522348035204061e+00,-1.167756027745380720e+01
-4.654699727701228085e+00,-1.166876617142292716e+01
-4.753354412896008796e+00,-1.166195297855050583e+01
-4.851478837678605771e+00,-1.165718603252492969e+01
-4.949065436107986216e+00,-1.165453066703460294e+01
-5.046106642243209706e+00,-1.165405221576792982e+01
-5.142594890143293185e+00,-1.165581601241331100e+01
-5.238522613867260702e+00,-1.165988739065914714e+01
-5.333882247474157623e+00,-1.166633168419384248e+01
-5.428666225022972469e+00,-1.167521422670579057e+01
-5.522866980572736395e+00,-1.168660035188339563e+01
-5.616476948182494766e+00,-1.170055539341506190e+01
-5.709488561911292948e+00,-1.171714468498919359e+01
-5.801895824383862532e+00,-1.173642860509251662e+01
-5.893719765878898897e+00,-1.175838215008848309e+01
-5.985004206680457628e+00,-1.178290832122550569e+01
-6.075793680374232508e+00,-1.180990786638547618e+01
-6.166132720545931534e+00,-1.183928153345027923e+01
-6.256065860781276911e+00,-1.187093007030183500e+01
-6.345637634665941107e+00,-1.190475422482202461e+01
-6.434892575785653435e+00,-1.194065474489274692e+01
-6.523875217726128994e+00,-1.197853237839590435e+01
-6.612630094073075782e+00,-1.201828787321339931e+01
-6.701201738412180475e+00,-1.205982197722710936e+01
-6.789634684329151071e+00,-1.210303543831894402e+01
-6.877973465409723985e+00,-1.214782900437081636e+01
-6.966262615239571687e+00,-1.219410342326459684e+01
-7.054546667404423488e+00,-1.224175944288219853e+01
-7.142870155489973172e+00,-1.229069781110551673e+01
-7.231277613081928735e+00,-1.234081927581643967e+01
-7.319813573766005277e+00,-1.239202458489686975e+01
-7.408522571127910794e+00,-1.244421448622871651e+01
-7.497449138753360387e+00,-1.249728972769386814e+01
-7.586637810228026524e+00,-1.255115105717420931e+01
-7.676133119137638516e+00,-1.260569922255165309e+01
-7.765979599067911465e+00,-1.266083497170810190e+01
-7.856221783604532050e+00,-1.271645905252542619e+01
-7.946904206333236687e+00,-1.277247221288556389e+01
-8.038071400839697844e+00,-1.282877520067037125e+01
-8.129767900709651940e+00,-1.288526876376177199e+01
-8.222038239528778547e+00,-1.294185365004165078e+01
-8.314926950882806977e+00,-1.299843060739191003e+01
-8.408478568357445226e+00,-1.305490038369445216e+01
-8.502737625538379973e+00,-1.311116372683116538e+01
-8.597748656011326318e+00,-1.316712138468394855e+01
-8.693556193362006468e+00,-1.322267410513470764e+01
-8.790204771176107101e+00,-1.327772263606531666e+01
-8.887738923039350425e+00,-1.333216772535770644e+01
-8.986203182537423118e+00,-1.338591012089375454e+01
-9.085642083256054491e+00,-1.343885057055535270e+01
-9.186100158780945435e+00,-1.349088982222442112e+01
-9.287621942697796840e+00,-1.354192862378282669e+01
-9.390251968592316700e+00,-1.359186772311249314e+01
-9.494034770050220118e+00,-1.364060786809530512e+01
-9.599014880657200877e+00,-1.368804980661316151e+01
-9.705236833998974078e+00,-1.373409428654795761e+01
-9.812745163661240611e+00,-1.377864205578159940e+01
-9.921584403229729787e+00,-1.382159386219597863e+01
-1.003179908629012118e+01,-1.386285045367298352e+01
-1.014343374642812989e+01,-1.390231257809452714e+01
-1.025653291722946392e+01,-1.393988098334250481e+01
-1.037114113227983836e+01,-1.397545641729880117e+01
-1.048730292516496121e+01,-1.400893962784532931e+01
-1.060506282947051204e+01,-1.404023136286397389e+01
-1.072446537878222728e+01,-1.406923237023663376e+01
-1.084555494745462312e+01,-1.409584338380935264e+01
-1.096826934461513048e+01,-1.411995574395167097e+01
-1.109225517871872668e+01,-1.414143512237226119e+01
-1.121710977178700475e+01,-1.416014284629551057e+01
-1.134243044584162874e+01,-1.417594024294582766e+01
-1.146781452290420944e+01,-1.418868863954760684e+01
-1.159285932499636473e+01,-1.419824936332524246e+01
-1.171716217413975869e+01,-1.420448374150313953e+01
-1.184032039235597011e+01,-1.420725310130568531e+01
-1.196193130166664886e+01,-1.420641876995728126e+01
-1.208159222409343769e+01,-1.420184207468233595e+01
-1.219890048165794383e+01,-1.419338434270523663e+01
-1.231345339638179937e+01,-1.418090690125037057e+01
-1.242484829028663640e+01,-1.416427107754215342e+01
-1.253268248539406571e+01,-1.414333819880497245e+01
-1.263655330372573360e+01,-1.411796959226323622e+01
-1.273605806730326506e+01,-1.408802658514132489e+01
-1.283079409814827443e+01,-1.405337050466365056e+01
-1.292035871828240090e+01,-1.401386267805460406e+01
-1.300434924972725526e+01,-1.396936443253858329e+01
-1.308236301450448735e+01,-1.391973709533998971e+01
-1.315399733463571863e+01,-1.386484199368321413e+01
-1.321884953214256697e+01,-1.380454045479266156e+01
-1.327651692904666092e+01,-1.373869380589272637e+01
-1.327651692904666803e+01,-1.373869380589272637e+01
-1.332674154990950299e+01,-1.366723972891928440e+01
-1.336984422945205964e+01,-1.359042132465418362e+01
-1.340629050493516417e+01,-1.350855804859071085e+01
-1.343654591361964634e+01,-1.342196935622218490e+01
-1.346107599276635369e+01,-1.333097470304192456e+01
-1.348034627963611598e+01,-1.323589354454323797e+01
-1.349482231148976652e+01,-1.313704533621943327e+01
-1.350496962558814218e+01,-1.303474953356382926e+01
-1.351125375919208338e+01,-1.292932559206971987e+01
-1.351414024956242699e+01,-1.282109296723044523e+01
-1.351409463396000632e+01,-1.271037111453929569e+01
-1.351158244964565114e+01,-1.259747948948958651e+01
-1.350706923388020186e+01,-1.248273754757462584e+01
-1.350102052392448826e+01,-1.236646474428773246e+01
-1.349390185703935430e+01,-1.224898053512221807e+01
-1.348617877048564395e+01,-1.213060437557140148e+01
-1.347831680152417988e+01,-1.201165572112857305e+01
-1.347078148741579540e+01,-1.189245402728705869e+01
-1.346403836542133092e+01,-1.177331874954016655e+01
-1.345855297280163043e+01,-1.165456934338121542e+01
-1.345479084681752013e+01,-1.153652526430350633e+01
-1.345321752472982979e+01,-1.141950596780035809e+01
-1.345429854379941759e+01,-1.130383090936507884e+01
-1.345849944128709197e+01,-1.118981954449098026e+01
-1.346628575445370757e+01,-1.107779132867137406e+01
-1.347812302056009415e+01,-1.096806571739956482e+01
-1.349447677686709213e+01,-1.086096216616888555e+01
-1.351576623613609129e+01,-1.075676918708350271e+01
-1.354202361694703072e+01,-1.065551679163364440e+01
-1.357308854160462275e+01,-1.055710634272053738e+01
-1.360879922922837082e+01,-1.046143826595938719e+01
-1.364899389893773574e+01,-1.036841298696537805e+01
-1.369351076985220317e+01,-1.027793093135370484e+01
-1.374218806109125879e+01,-1.018989252473954821e+01
-1.379486399177437406e+01,-1.010419819273809949e+01
-1.385137678102104175e+01,-1.002074836096457844e+01
-1.391156464795073688e+01,-9.939443455034140840e+00
-1.397526581168293447e+01,-9.860183900561985126e+00
-1.404231849133713439e+01,-9.782870123163313281e+00
-1.411256090603279389e+01,-9.707402548453305968e+00
-1.418583127488940931e+01,-9.633681602047161618e+00
-1.426196781702645566e+01,-9.561607709560068002e+00
-1.434080875156340795e+01,-9.491081296607216444e+00
-1.442219229761976607e+01,-9.422002788803805373e+00
-1.450595667431499436e+01,-9.354272611765004797e+00
-1.459194010076856429e+01,-9.287791191106013144e+00
-1.467998079609998996e+01,-9.222458952442043056e+00
-1.476991697942872506e+01,-9.158176321388260988e+00
-1.486158686987425881e+01,-9.094843723559865367e+00
-1.495482868655607334e+01,-9.032361584572051072e+00
-1.504948064859364010e+01,-8.970630330039998768e+00
-1.514538097510645187e+01,-8.909550385578913989e+00
-1.524236788521398367e+01,-8.849022176803977402e+00
-1.534027959803572472e+01,-8.788946129330387436e+00
-1.543895433269114292e+01,-8.729222668773317650e+00
-1.553823030829972396e+01,-8.669752220747973581e+00
-1.563794574398094994e+01,-8.610435210869546552e+00
-1.573793885885430655e+01,-8.551172064753227886e+00
-1.583804787203926878e+01,-8.491863208014201803e+00
-1.593811100265530456e+01,-8.432409066267659625e+00
-1.603796646982192087e+01,-8.372710065128799783e+00
-1.613745249265858561e+01,-8.312666630212806496e+00
-1.623640729028478802e+01,-8.252179187134871086e+00
-1.633466908181998889e+01,-8.191148161510184877e+00
-1.643207608638368455e+01,-8.129473978953942748e+00
-1.652846652309535003e+01,-8.067057065081336020e+00
-1.662367861107448164e+01,-8.003797845507548914e+00
-1.671755056944052953e+01,-7.939596745847769199e+00
-1.680992061731300780e+01,-7.874354191717209517e+00
-1.690062697381137369e+01,-7.807970608731025663e+00
-1.698950785805511998e+01,-7.740346422504440937e+00
-1.707640148916372524e+01,-7.671382058652643110e+00
-1.716114608625666804e+01,-7.600977942790795083e+00
-1.724357986845342339e+01,-7.529034500534113050e+00
-1.732354105487348761e+01,-7.455452157497784782e+00
-1.740086891146811610e+01,-7.380132092985018488e+00
-1.747547244517076237e+01,-7.303025697750282319e+00
-1.754737294718026064e+01,-7.224165203909009847e+00
-1.761660187390143051e+01,-7.143590162225301299e+00
-1.768319068173909159e+01,-7.061340123463249796e+00
-1.774717082709808480e+01,-6.977454638386941355e+00
-1.780857376638322975e+01,-6.891973257760483307e+00
-1.786743095599933895e+01,-6.804935532347954563e+00
-1.792377385235124976e+01,-6.716381012913458903e+00
-1.797763391184378534e+01,-6.626349250221085896e+00
-1.802904259088176531e+01,-6.534879795034928662e+00
-1.807803134587001281e+01,-6.442012198119087429e+00
-1.812463163321336168e+01,-6.347786010237648213e+00
-1.816887490931663507e+01,-6.252240782154704135e+00
-1.821079263058465614e+01,-6.155416064634355422e+00
-1.825041625342225160e+01,-6.057351408440691642e+00
-1.828777723423423041e+01,-5.958086364337805918e+00
-1.832290702942544058e+01,-5.857660483089791370e+00
-1.835583709540069464e+01,-5.756113315460748225e+00
-1.838659888856481928e+01,-5.653484412214762500e+00
-1.841522386532264477e+01,-5.549813324115927315e+00
-1.844174348207898717e+01,-5.445139601928342898e+00
-1.846618919523867675e+01,-5.339502796416105923e+00
-1.848859246120653665e+01,-5.232942458343302405e+00
-1.850898473638738295e+01,-5.125498138474018361e+00
-1.852739747718605301e+01,-5.017209387572354018e+00
-1.854386214000737354e+01,-4.908115756402416707e+00
-1.855841018125616415e+01,-4.798256795728278234e+00
-1.857107305733724445e+01,-4.687672056314053037e+00
-1.858188222465544825e+01,-4.576401088923820026e+00
-1.859086913961559517e+01,-4.464483444321682981e+00
-1.859806525862250837e+01,-4.351958673271720812e+00
-1.860350203808101810e+01,-4.238866326538044405e+00
-1.860721093439594753e+01,-4.125245954884729116e+00
-1.860922340397212338e+01,-4.011137109075896490e+00
-1.860957090321435814e+01,-3.896579339875604120e+00
-1.860828488852748919e+01,-3.781612198047977103e+00
-1.860539681631633968e+01,-3.666275234357080137e+00
-1.860093814298573989e+01,-3.550607999567045425e+00
-1.859494032494049875e+01,-3.434650044441930561e+00
-1.858743481858545721e+01,-3.318440919745849982e+00
-1.857845308032542775e+01,-3.202020176242882599e+00
-1.856802656656524064e+01,-3.085427364697128638e+00
-1.855618673370972260e+01,-2.968702035872691880e+00
-1.854296503816370034e+01,-2.851883740533647682e+00
-1.852839293633198281e+01,-2.735012029444103376e+00
-1.851250188461941804e+01,-2.618126453368141426e+00
-1.849532333943081497e+01,-2.501266563069869164e+00
-1.847688875717100387e+01,-2.384471909313379712e+00
-1.845722959424480791e+01,-2.267782042862748426e+00
-1.843637730705706090e+01,-2.151236514482086193e+00
-1.841436335201257180e+01,-2.034874874935475475e+00
-1.839121918551617441e+01,-1.918736674987023605e+00
-1.836697626397268834e+01,-1.802861465400809493e+00
-1.834166604378694743e+01,-1.687288796940933366e+00
-1.831531998136377837e+01,-1.572058220371502557e+00
-1.828796953310799012e+01,-1.457209286456588870e+00
-1.825964615542441294e+01,-1.342781545960285428e+00
-1.823038130471788421e+01,-1.228814549646706666e+00
-1.820020643739321642e+01,-1.115347848279931497e+00
-1.816915300985525406e+01,-1.002420992624074358e+00
-1.813725247850878475e+01,-8.900735334431786328e-01
-1.810453629975865653e+01,-7.783450215013871798e-01
-1.807103593000969610e+01,-6.672750075627646993e-01
-1.803678282566672308e+01,-5.569030423914256289e-01
-1.800180844313456774e+01,-4.472686767514630901e-01
-1.796614423881804967e+01,-3.384114614069630989e-01
-1.792982166914423559e+01,-2.303709467662571342e-01
-1.789287300235951506e+01,-1.231736977572168712e-01
-1.785533346518262832e+01,-1.679895697440514368e-02
-1.781723895806682023e+01,8.878480972792601733e-02
-1.777862538146531435e+01,1.936091364955672134e-01
-1.773952863583134132e+01,2.977055574743090460e-01
-1.769998462161813180e+01,4.011056068098994842e-01
-1.766002923927891999e+01,5.038408186481291295e-01
-1.761969838926693654e+01,6.059427271347672672e-01
-1.757902797203542633e+01,7.074428664155831825e-01
-1.753805388803759868e+01,8.083727706363603716e-01
-1.749681203772671267e+01,9.087639739428610142e-01
-1.745533832155597054e+01,1.008648010480882817e+00
-1.741366863997862424e+01,1.108056414396180855e+00
-1.737183889344790799e+01,1.207020719834517308e+00
-1.732988498241703823e+01,1.305572460941696988e+00
-1.728784280733926337e+01,1.403743171863474970e+00
-1.724574826866780697e+01,1.501564386745627644e+00
-1.720363726685590677e+01,1.599067639733931401e+00
-1.716154570235678278e+01,1.696284464974169737e+00
-1.711950947562368341e+01,1.793246396612090621e+00
-1.707756448710983577e+01,1.889984968793484654e+00
-1.703574663726846339e+01,1.986531715664142439e+00
-1.699409182655280048e+01,2.082918171369826155e+00
-1.695263595541609192e+01,2.179175870056290876e+00
-1.691141492431156479e+01,2.275336345869327204e+00
-1.687046463369244265e+01,2.371431132954718635e+00
-1.682982098401196680e+01,2.467491765458220243e+00
-1.678951987572335369e+01,2.563549777525622630e+00
-1.674959720927986595e+01,2.659636703302687977e+00
-1.671008888513471291e+01,2.755784076935192672e+00
-1.667103080374112167e+01,2.852023432568927319e+00
-1.663245886555234776e+01,2.948386304349632780e+00
-1.659440897102160051e+01,3.044904226423113869e+00
-1.655691702060212478e+01,3.141608732935139869e+00
-1.652001891474714412e+01,3.238531358031465857e+00
-1.648375055390991051e+01,3.335703635857882432e+00
-1.644814242061138998e+01,3.433153595999613117e+00
-1.641319081752093112e+01,3.530887158987312091e+00
-1.637887875437251850e+01,3.628901646887378263e+00
-1.634518921117300749e+01,3.727194362537318284e+00
-1.631210516792922149e+01,3.825762608774688545e+00
-1.627960960464801587e+01,3.924603688437038329e+00
-1.624768550133621403e+01,4.023714904361881395e+00
-1.621631583800067133e+01,4.123093559386781237e+00
-1.618548359464820763e+01,4.222736956349244508e+00
-1.615517175128567118e+01,4.322642398086820492e+00
-1.612536328791990314e+01,4.422807187437065579e+00
-1.609604118455773403e+01,4.523228627237493527e+00
-1.606718842120601209e+01,4.623904020325646513e+00
-1.603878797787156785e+01,4.724830669539073824e+00
-1.601082283456124955e+01,4.826005877715282111e+00
-1.598327597128187705e+01,4.927426947691841974e+00
-1.595613036804031282e+01,5.029091182306281382e+00
-1.592936900484338025e+01,5.130995884396121198e+00
-1.590297486169791341e+01,5.233138356798917812e+00
-1.587693091861077122e+01,5.335515902352192086e+00
-1.585122015558877351e+01,5.438125823893500410e+00
-1.582582555263877211e+01,5.540965424260377858e+00
-1.580073008976758686e+01,5.644032006290331083e+00
-1.577591674698207669e+01,5.747322872820923578e+00
-1.575136850428907920e+01,5.850835326689697524e+00
-1.572706834169541068e+01,5.954566670734180889e+00
-1.570299923920793361e+01,6.058514207791901640e+00
-1.567914417683347494e+01,6.162675240700401957e+00
-1.565548613457888649e+01,6.267047072297224020e+00
-1.563200809245098455e+01,6.371627005419910006e+00
-1.560869303045663159e+01,6.476412342905987884e+00
-1.558552392860265101e+01,6.581400387592985624e+00
-1.556248376689588042e+01,6.686588442318452508e+00
-1.553955552534315387e+01,6.791973809919937821e+00
-1.551672218395133385e+01,6.897553793234976638e+00
-1.549396672272724729e+01,7.003325695101061399e+00
-1.547127212167772470e+01,7.109286818355784021e+00
-1.544862136080960013e+01,7.215434465836665368e+00
-1.542599742012973607e+01,7.321765940381212090e+00
-1.540338327964495235e+01,7.428278544827001895e+00
-1.538076191936209369e+01,7.534969582011562750e+00
-1.535811631928799059e+01,7.641836354772422624e+00
-1.533542945942949132e+01,7.748876165947109484e+00
-1.531268431979343347e+01,7.856086318373179722e+00
-1.528986388038666178e+01,7.963464114888154199e+00
-1.526695112121599252e+01,8.071006858329596412e+00
-1.524392902228828817e+01,8.178711851535013011e+00
-1.522078056361037213e+01,8.286576397341960387e+00
-1.519748872518908911e+01,8.394597798587959403e+00
-1.517403648703128027e+01,8.502773358110559343e+00
-1.515040682914377967e+01,8.611100378747295281e+00
-1.512658273153342847e+01,8.719576163335709396e+00
-1.510254717420706072e+01,8.828198014713322550e+00
-1.507828294043021344e+01,8.936961496414575379e+00
-1.505377142707291682e+01,9.045849915462873980e+00
-1.502899343513556119e+01,9.154841311061083786e+00
-1.500392976331332306e+01,9.263913702032546382e+00
-1.497856121030137189e+01,9.373045107200589143e+00
-1.495286857479486642e+01,9.482213545388553655e+00
-1.492683265548898675e+01,9.591397035419774397e+00
-1.490043425107889163e+01,9.700573596117592956e+00
-1.487365416025975051e+01,9.809721246305329601e+00
-1.484647318172673280e+01,9.918818004806325916e+00
-1.481887211417500083e+01,1.002784189044393059e+01
-1.479083175629973823e+01,1.013677092204144259e+01
-1.476233290679609311e+01,1.024558311842223901e+01
-1.473335636435924201e+01,1.035425649840961881e+01
-1.470388292768435434e+01,1.046276908082695201e+01
-1.467389339546659954e+01,1.057109888449753754e+01
-1.464336856640113993e+01,1.067922392824473121e+01
-1.461228923918314138e+01,1.078712223089188882e+01
-1.458063621250778397e+01,1.089477181126228800e+01
-1.454839028507021581e+01,1.100215068817931297e+01
-1.451553225556562765e+01,1.110923688046626978e+01
-1.448204292268917470e+01,1.121600840694651424e+01
-1.444790308513602639e+01,1.132244328644337372e+01
-1.441309354160134149e+01,1.142851953778017560e+01
-1.437759509078031428e+01,1.153421517978025435e+01
-1.434138853136808578e+01,1.163950823126695866e+01
-1.430445466205983251e+01,1.174437671106363723e+01
-1.426677428155072391e+01,1.184879863799357480e+01
-1.422832818853592585e+01,1.195275203088015559e+01
-1.418909718171061485e+01,1.205621490854667144e+01
-1.414906205976994258e+01,1.215916528981651368e+01
-1.410820362140908912e+01,1.226158119351294573e+01
-1.406650266532322391e+01,1.236344063845935182e+01
-1.402393999020750925e+01,1.246472164347905220e+01
-1.398049639475710748e+01,1.256540222739538848e+01
-1.393615267766719512e+01,1.266546040903170933e+01
-1.389088963763293805e+01,1.276487420721130661e+01
-1.384468807334949858e+01,1.286362164075755032e+01
-1.379752878351205680e+01,1.296168072849376784e+01
-1.374939256681576794e+01,1.305902948924330076e+01
-1.370026022195580495e+01,1.315564594182946223e+01
-1.365011254762734438e+01,1.325150810507558674e+01
-1.359893034252554145e+01,1.334659399780505140e+01
-1.354669440534556912e+01,1.344088163884113385e+01
-1.349338553478258973e+01,1.353434904700721120e+01
-1.343898452953177980e+01,1.362697424112661082e+01
-1.338347218828830876e+01,1.371873524002263878e+01
-1.332682930974732116e+01,1.380961006251867218e+01
-1.326903669260401841e+01,1.389957672743802419e+01
-1.321007513555354507e+01,1.398861325360402219e+01
-1.314992543729108831e+01,1.407669765984000776e+01
-1.308856839651179271e+01,1.416380796496932248e+01
-1.302598481191083835e+01,1.424992218781530084e+01
-1.296215548218339464e+01,1.433501834720127022e+01
-1.289706120602463102e+01,1.441907446195056508e+01
-1.283068278212970981e+01,1.450206855088651992e+01
-1.276300100919379332e+01,1.458397863283249052e+01
-1.269399668591206165e+01,1.466478272661179716e+01
-1.262365061097967711e+01,1.474445885104775300e+01
-1.255194358309180558e+01,1.482298502496371384e+01
-1.247885640094362358e+01,1.490033926718302126e+01
-1.240436986323029700e+01,1.497649959652899554e+01
-1.232846476864698104e+01,1.505144403182498536e+01
-1.225112191588884869e+01,1.512515059189431099e+01
-1.217232210365108003e+01,1.519759729556032113e+01
-1.209204613062882672e+01,1.526876216164633604e+01
-1.201027479551726174e+01,1.533862320897570442e+01
-1.192698889701156517e+01,1.540715845637176074e+01
-1.184216923380690289e+01,1.547434592265780395e+01
-1.175579660459841236e+01,1.554016362665723960e+01
-1.166785180808129496e+01,1.560458958719333111e+01
-1.157831572010451282e+01,1.566760182169483784e+01
-1.148718997486987092e+01,1.572917797236440407e+01
-1.139452489603472785e+01,1.578929480129864515e+01
-1.130037777976255242e+01,1.584792894455980417e+01
-1.120480592221684901e+01,1.590505703821009575e+01
-1.110786661956107224e+01,1.596065571831180563e+01
-1.100961716795873357e+01,1.601470162092714844e+01
-1.091011486357328764e+01,1.606717138211838147e+01
-1.080941700256823879e+01,1.611804163794774070e+01
-1.070758088110705586e+01,1.616728902447745497e+01
-1.060466379535322545e+01,1.621489017776981001e+01
-1.050072304147024127e+01,1.626082173388699914e+01
-1.039581591562156504e+01,1.630506032889130097e+01
-1.028999971397069402e+01,1.634758259884493015e+01
-1.018333173268110414e+01,1.638836517981013685e+01
-1.007586926791628201e+01,1.642738470784918547e+01
-9.967669615839703567e+00,1.646461781902429067e+01
-9.858790072614858957e+00,1.650004114939772393e+01
-9.749287934405224121e+00,1.653363133503169280e+01
-9.639220497374296315e+00,1.656536501198845457e+01
-9.528645057685537267e+00,1.659521881633025941e+01
-9.417618911502437129e+00,1.662316938411935041e+01
-9.306199354988486050e+00,1.664919335141797063e+01
-9.194443684307152864e+00,1.667326735428833473e+01
-9.082409195621927722e+00,1.669536802879273552e+01
-8.970153185096293669e+00,1.671547201099335922e+01
-8.857732948893740854e+00,1.673355593695249866e+01
-8.745205783177738112e+00,1.674959644273236137e+01
-8.632628984111775594e+00,1.676357016439521175e+01
-8.520059847859329238e+00,1.677545373800328576e+01
-8.407555670583882090e+00,1.678522379961881938e+01
-8.295173748448938511e+00,1.679285698530403437e+01
-8.182971377617938913e+00,1.679832993112122352e+01
-8.071005854254408973e+00,1.680161927313259440e+01
-7.959334474521796210e+00,1.680270164740041849e+01
-7.848014534583612090e+00,1.680155368998690335e+01
-7.737103330603318341e+00,1.679815203695432047e+01
-7.626658158744405114e+00,1.679247332436487739e+01
-7.516736315170355454e+00,1.678449418828086692e+01
-7.407395096044645300e+00,1.677419126476448241e+01
-7.298691797530757697e+00,1.676154118987799535e+01
-7.190683715792204111e+00,1.674652059968362749e+01
-7.083428146992417851e+00,1.672910613024365745e+01
-6.976982387294917487e+00,1.670927441762029275e+01
-6.871403732863178959e+00,1.668700209787578359e+01
-6.766749479860678207e+00,1.666226580707238014e+01
-6.663076924450891170e+00,1.663504218127233258e+01
-6.560443362797315103e+00,1.660530785653785557e+01
-6.458906091063425947e+00,1.657303946893121349e+01
-6.358522405412706746e+00,1.653821365451465653e+01
-6.259349602008633440e+00,1.650080704935041354e+01
-6.161444977014710389e+00,1.646079628950069917e+01
-6.064865826594385112e+00,1.641815801102781336e+01
-5.969665515044347615e+00,1.637287415709621996e+01
-5.875862235554940582e+00,1.632497414365260369e+01
-5.783455661508916990e+00,1.627451238406016643e+01
-5.692445300551455034e+00,1.622154351538907235e+01
-5.602830660327711598e+00,1.616612217470964197e+01
-5.514611248482822248e+00,1.610830299909209629e+01
-5.427786572661958076e+00,1.604814062560669186e+01
-5.342356140510268858e+00,1.598568969132362838e+01
-5.258319459672904372e+00,1.592100483331321215e+01
-5.175676037795007289e+00,1.585414068864566417e+01
-5.094425382521770018e+00,1.578515189439122679e+01
-5.014567001498306809e+00,1.571409308762014945e+01
-4.936100402369802964e+00,1.564101890540268158e+01
-4.859025092781394051e+00,1.556598398480907974e+01
-4.783340580378236950e+00,1.548904296290957205e+01
-4.709046372805488545e+00,1.541025047677440796e+01
-4.636141977708305717e+00,1.532966116347385110e+01
-4.564626902731838243e+00,1.524732966007812252e+01
-4.494500655521250110e+00,1.516331060365748584e+01
-4.425762743721691095e+00,1.507765863128217632e+01
-4.358412674978303869e+00,1.499042838002245048e+01
-4.292449956936252420e+00,1.490167448694855779e+01
-4.227874097240693629e+00,1.481145158913073345e+01
-4.164684603536791485e+00,1.471981432363921982e+01
-4.102880983469674447e+00,1.462681732754428054e+01
-4.042462744684513609e+00,1.453251523791616506e+01
-3.983429394826472958e+00,1.443696269182507308e+01
-3.925780441540688059e+00,1.434021432634131799e+01
-3.869515392472308690e+00,1.424232477853512080e+01
-3.814633755266513049e+00,1.414334868547668123e+01
-3.761135037568450912e+00,1.404334068423631976e+01
-3.709018747023243634e+00,1.394235541188424321e+01
-3.658284391276097836e+00,1.384044750549069391e+01
-3.608931477972127766e+00,1.373767160212594263e+01
-3.560959514756504518e+00,1.363408233886021748e+01
-3.514368009274392080e+00,1.352973435276374659e+01
-3.469156469170904700e+00,1.342468228090682203e+01
-3.425324402091263210e+00,1.331898076035965062e+01
-3.382871315680539226e+00,1.321268442819251732e+01
-3.341796717583967791e+00,1.310584792147562894e+01
-3.302100115446656048e+00,1.299852587727924913e+01
-3.263781016913760880e+00,1.289077293267362734e+01
-3.226838929630467590e+00,1.278264372472899169e+01
-3.191273361241890427e+00,1.267419289051562714e+01
-3.157083819393207591e+00,1.256547506710374762e+01
-3.124269811729575963e+00,1.245654489156359546e+01
-3.092830845896124004e+00,1.234745700096544851e+01
-3.062766429538044122e+00,1.223826603237952071e+01
-3.034076070300457673e+00,1.212902662287608990e+01
-3.006759275828535749e+00,1.201979340952537001e+01
-2.980815553767421022e+00,1.191062102939763889e+01
-2.956244411762305901e+00,1.180156411956310336e+01
-2.933045357458283320e+00,1.169267731709204128e+01
-2.911217898500552792e+00,1.158401525905470919e+01
-2.890761542555033259e+00,1.147563258251399532e+01
-2.871702277167351269e+00,1.136757460752331639e+01
-2.854169092648120909e+00,1.125985041236455686e+01
-2.838316020781988414e+00,1.115246026441661087e+01
-2.824297093353607124e+00,1.104540443105830150e+01
-2.812266342147616172e+00,1.093868317966850157e+01
-2.802377798948683107e+00,1.083229677762606968e+01
-2.794785495541439957e+00,1.072624549230985025e+01
-2.789643463710547167e+00,1.062052959109870898e+01
-2.787105735240643867e+00,1.051514934137148316e+01
-2.787326341916376293e+00,1.041010501050707404e+01
-2.790456956656896637e+00,1.030539676813028649e+01
-2.796550839882208095e+00,1.020102070554213469e+01
-2.805529386455788199e+00,1.009696744938780455e+01
-2.817304761665518242e+00,9.993227243828478379e+00
-2.831789130799265308e+00,9.889790333025445079e+00
-2.848894659144889374e+00,9.786646961139922496e+00
-2.868533511990257523e+00,9.683787372333156895e+00
-2.890617854623229732e+00,9.581201810766401650e+00
-2.915059852331687296e+00,9.478880520600867499e+00
-2.941771670403497296e+00,9.376813745997786498e+00
-2.970665474126526817e+00,9.274991731118433336e+00
-3.001653428788621625e+00,9.173404720124040068e+00
-3.034647699677663013e+00,9.072042957175838751e+00
-3.069560452081539381e+00,8.970896686435040124e+00
-3.106303851288075180e+00,8.869956152062918875e+00
-3.144790062585165913e+00,8.769211598220714166e+00
-3.184931251260685769e+00,8.668653269069636735e+00
-3.226639582602473411e+00,8.568271408770954167e+00
-3.269827221898410130e+00,8.468056261485898517e+00
-3.314406334436348800e+00,8.367998071375708946e+00
-3.360289085504184925e+00,8.268087082601603299e+00
-3.407387640389764272e+00,8.168313539324856265e+00
-3.455614164380968134e+00,8.068667685706685688e+00
-3.504880822765649384e+00,7.969139765908323625e+00
-3.555099780831675105e+00,7.869720024091037658e+00
-3.606183203866933695e+00,7.770398704416024316e+00
-3.658043257159256711e+00,7.671166051044558287e+00
-3.710592105996532553e+00,7.572012308137878733e+00
-3.763741915666642512e+00,7.472927719857182183e+00
-3.817404851457418147e+00,7.373902530363771746e+00
-3.871493078656754960e+00,7.274926983818836845e+00
-3.925918762552505825e+00,7.175991324383637959e+00
-3.980594068432537824e+00,7.077085796219407143e+00
-4.035431161584725146e+00,6.978200643487383559e+00
-4.090342207296927768e+00,6.879326110348813472e+00
-4.145239370857019878e+00,6.780452440964928940e+00
-4.200034817552861455e+00,6.681569879496969122e+00
-4.254640712672326686e+00,6.582668670106166076e+00
-4.308969221503268443e+00,6.483739056953780278e+00
-4.362932509333560915e+00,6.384771284201036678e+00
-4.416442741451085396e+00,6.285755596009174440e+00
-4.469412083143687653e+00,6.186682236539425617e+00
-4.521752699699256084e+00,6.087541449953043582e+00
-4.573376756405629351e+00,5.988323480411260391e+00
-4.624196418550688747e+00,5.889018572075315205e+00
-4.674123851422308462e+00,5.789616969106447186e+00
-4.723071220308348472e+00,5.690108915665902600e+00
-4.770950690496675861e+00,5.590484655914899292e+00
-4.817674427275164817e+00,5.490734434014697740e+00
-4.863154595931654001e+00,5.390848494126537105e+00
-4.907303361754038917e+00,5.290817080411642337e+00
-4.950032890030193755e+00,5.190630437031259703e+00
-4.991255346047964281e+00,5.090278808146628364e+00
-5.030882895095217577e+00,4.989752437918994588e+00
-5.068827702459827833e+00,4.889041570509576218e+00
-5.105001933429662131e+00,4.788136450079633732e+00
-5.139317753292587554e+00,4.687027320790399187e+00
-5.171687327336464080e+00,4.585704426803111744e+00
-5.202022820849173002e+00,4.484158012279003458e+00
-5.230236399118560087e+00,4.382378321379327701e+00
-5.256240227432513734e+00,4.280355598265302319e+00
-5.279946471078879711e+00,4.178080087098202000e+00
-5.301267295345546415e+00,4.075542032039216167e+00
-5.320114865520373826e+00,3.972731677249626614e+00
-5.336401346891207709e+00,3.869639266890658291e+00
-5.350038904745950674e+00,3.766255045123529044e+00
-5.360939704372441383e+00,3.662569256109520666e+00
-5.369015911058561130e+00,3.558572144009836791e+00
-5.374179690092169892e+00,3.454253952985737897e+00
-5.376343206761134752e+00,3.349604927198441828e+00
-5.375418626353329898e+00,3.244615310809201958e+00
-5.371318114156629520e+00,3.139275347979250341e+00
-5.363953835458872277e+00,3.033575282869833245e+00
-5.353237955547946569e+00,2.927505359642196936e+00
-5.339086273557640538e+00,2.821062888613418806e+00
-5.321492035504782336e+00,2.714395778599538289e+00
-5.300522673663053297e+00,2.607796196500544283e+00
-5.276248601648703129e+00,2.501562106553656406e+00
-5.248740233077946016e+00,2.395991472996136906e+00
-5.218067981566996139e+00,2.291382260065276455e+00
-5.184302260732067680e+00,2.188032431998301774e+00
-5.147513484189396138e+00,2.086239953032468009e+00
-5.107772065555188590e+00,1.986302787405030301e+00
-5.065148418445652112e+00,1.888518899353265112e+00
-5.019712956477029309e+00,1.793186253114406270e+00
-4.971536093265527256e+00,1.700602812925730234e+00
-4.920687795516791141e+00,1.611060910009697977e+00
-4.867225304179314094e+00,1.524692475767452038e+00
-4.811191605489888445e+00,1.441449770308715017e+00
-4.752628931749249830e+00,1.361275550874097462e+00
-4.691579515258169408e+00,1.284112574704153076e+00
-4.628085588317354393e+00,1.209903599039485300e+00
-4.562189383227590156e+00,1.138591381120633628e+00
-4.493933132289576804e+00,1.070118678188208605e+00
-4.423359067804092604e+00,1.004428247482756831e+00
-4.350509422071880294e+00,9.414628462448888513e-01
-4.275426427393675510e+00,8.811652317151583702e-01
-4.198152316070220991e+00,8.234781611341546181e-01
-4.118729320402266580e+00,7.683443917424384040e-01
-4.037199672690562124e+00,7.157066807805989583e-01
-3.953605605235843257e+00,6.655077854892255118e-01
-3.867989350338874033e+00,6.176904631088575570e-01
-3.780393140300375876e+00,5.721974708801127463e-01
-3.690859207421105737e+00,5.289715660435376776e-01
-3.599429784001792143e+00,4.879555058397357925e-01
-3.506147102343227573e+00,4.490920475092536890e-01
-3.411053394746105027e+00,4.123239482926948085e-01
-3.314190893511202773e+00,3.775939654306270654e-01
-3.215601830939220918e+00,3.448448561636183740e-01
-3.115328439330973254e+00,3.140193777322579649e-01
-3.013412950987145678e+00,2.850602873771279633e-01
-2.909897598208523561e+00,2.579103423387749672e-01
-2.804824613295821223e+00,2.325122998578166289e-01
-2.698236228549788507e+00,2.088089171747995465e-01
-2.590174676271203680e+00,1.867429515303058452e-01
-2.480682188760759743e+00,1.662571601649247555e-01
-2.369800998319263385e+00,1.472943003192241918e-01
-2.257573337247400502e+00,1.297971292337862792e-01
-2.144041437845942255e+00,1.137084041491718267e-01
-2.029247532415638489e+00,9.897088230599138114e-02
-1.913233853257239048e+00,8.552732094478443514e-02
-1.796042632671465356e+00,7.332047730615443015e-02
-1.677716102959095679e+00,6.229310863065506965e-02
-1.558296496420837229e+00,5.238797215887558423e-02
-1.437826045357446958e+00,4.354782513141230993e-02
-1.316346982069703131e+00,3.571542478881184479e-02
-1.193901538858298750e+00,2.883352837166341942e-02
-1.070531948023990765e+00,2.284489312054915899e-02
-9.462804418675858642e-01,1.769227627602276698e-02
-8.211892526897628386e-01,1.331843507869479026e-02
-6.953006127912786383e-01,9.666126769111826889e-03
-5.686567544728902135e-01,6.678108587877318314e-03
-4.412999100353331983e-01,4.297137775544968008e-03
-3.132723117793645429e-01,2.465971572711112003e-03
-1.846161920057269867e-01,1.127367219943664622e-03
-5.537378301514905843e-02,2.240819578176456162e-04
7.441268289159097549e-02,-3.011269731061361199e-04
2.047009734138001136e-01,-5.055023322029228439e-04
3.354488562506929838e-01,-4.462868789261165148e-04
4.666140991015197415e-01,-1.807233727149082370e-04
5.981544696655447524e-01,2.339454270270380221e-04
7.300277356420394881e-01,7.404767608747420127e-04
8.621916689979087778e-01,1.281635896233979111e-03
9.946094817753063921e-01,1.810420092780873347e-03
1.127260480572218171e+00,2.310098134387317259e-03
1.260126934200194171e+00,2.769510298797683845e-03
1.393191111470756027e+00,3.177496863820294948e-03
1.526435281195482219e+00,3.522898107199523565e-03
1.659841712185851748e+00,3.794554306722375259e-03
1.793392673253450198e+00,3.981305740168750162e-03
1.927070433209777889e+00,4.071992685283021274e-03
2.060857260866399088e+00,4.055455419873510436e-03
2.194735425034863852e+00,3.920534221720117785e-03
2.328687194526672499e+00,3.656069368545900033e-03
2.462694838153396404e+00,3.250901138187600736e-03
2.596740624726564306e+00,2.693869808361171181e-03
2.730806823057697841e+00,1.973815656874933211e-03
2.864875701958375487e+00,1.079578961501681533e-03
2.998929530240083352e+00,0.000000000000000000e+00
3.132950576714421231e+00,-1.276080949836000400e-03
3.266921110192861022e+00,-2.759823610254841242e-03
3.400823399487009624e+00,-4.462387703462411537e-03
3.534639713408353145e+00,-6.394932951714338287e-03
3.668352320768448749e+00,-8.568619077209405077e-03
3.801943490378839385e+00,-1.099460580217481720e-02
3.935395491051032479e+00,-1.368405284885909623e-02
4.068690591596620720e+00,-1.664811993946102575e-02
4.201811060827132849e+00,-1.989796679622202191e-02
4.334739167554076289e+00,-2.344475314134797372e-02
4.467457180588993992e+00,-2.729963869710871904e-02
4.599947368743436016e+00,-3.147378318568883060e-02
